,norm_prop,norm_conv,norm_prop_IU,norm_prop_IV,norm_conv_IU0,norm_conv_IV0
0,1.7329795482447866e-08,5.333477784579164e-16,4.57779153880352e-16,6.088874625387772e-16,5.55195407281268e-16,3.14048781429453e-16
